{
  "1754512299314gl5ualfhc": {
    "id": "1754512299314gl5ualfhc",
    "username": "STUDYSYNC",
    "email": "",
    "passwordHash": "6d0bc02128613284724a253091b0f4ce254f24e430772d0c014262444280b09f",
    "createdAt": "2025-08-06T20:31:39.314Z",
    "lastLogin": "2025-08-06T23:51:38.602Z",
    "agreedToTerms": true,
    "ageVerified": true,
    "suspended": false
  },
  "1754512479041vysc1fiae": {
    "id": "1754512479041vysc1fiae",
    "username": "christopher",
    "email": "",
    "passwordHash": "6d0bc02128613284724a253091b0f4ce254f24e430772d0c014262444280b09f",
    "createdAt": "2025-08-06T20:34:39.041Z",
    "lastLogin": "2025-08-06T23:51:28.685Z",
    "agreedToTerms": true,
    "ageVerified": true,
    "suspended": false
  },
  "1754517467753eadhclpi4": {
    "id": "1754517467753eadhclpi4",
    "username": "Mm",
    "email": "",
    "passwordHash": "b1f31efbc4b5e79d422a7d9288bd5bc35940b1b818526be242cfbc4e68d7ecc8",
    "createdAt": "2025-08-06T21:57:47.753Z",
    "lastLogin": "2025-08-06T23:37:12.607Z",
    "agreedToTerms": true,
    "ageVerified": true,
    "suspended": false
  }
}